# ************************************************************
# Sequel Pro SQL dump
# Version 4135
#
# http://www.sequelpro.com/
# http://code.google.com/p/sequel-pro/
#
# Host: 103.247.226.157 (MySQL 5.5.37-0ubuntu0.12.10.1-log)
# Database: demo_akuntansi
# Generation Time: 2017-09-08 07:11:49 +0000
# ************************************************************


/*!40101 SET @OLD_CHARACTER_SET_CLIENT=@@CHARACTER_SET_CLIENT */;
/*!40101 SET @OLD_CHARACTER_SET_RESULTS=@@CHARACTER_SET_RESULTS */;
/*!40101 SET @OLD_COLLATION_CONNECTION=@@COLLATION_CONNECTION */;
/*!40101 SET NAMES utf8 */;
/*!40014 SET @OLD_FOREIGN_KEY_CHECKS=@@FOREIGN_KEY_CHECKS, FOREIGN_KEY_CHECKS=0 */;
/*!40101 SET @OLD_SQL_MODE=@@SQL_MODE, SQL_MODE='NO_AUTO_VALUE_ON_ZERO' */;
/*!40111 SET @OLD_SQL_NOTES=@@SQL_NOTES, SQL_NOTES=0 */;


# Dump of table ci_sessions
# ------------------------------------------------------------

DROP TABLE IF EXISTS `ci_sessions`;

CREATE TABLE `ci_sessions` (
  `session_id` varchar(40) NOT NULL DEFAULT '0',
  `ip_address` varchar(45) NOT NULL DEFAULT '0',
  `user_agent` varchar(120) NOT NULL,
  `last_activity` int(10) unsigned NOT NULL DEFAULT '0',
  `user_data` text NOT NULL,
  PRIMARY KEY (`session_id`),
  KEY `last_activity_idx` (`last_activity`)
) ENGINE=InnoDB DEFAULT CHARSET=latin1;

LOCK TABLES `ci_sessions` WRITE;
/*!40000 ALTER TABLE `ci_sessions` DISABLE KEYS */;

INSERT INTO `ci_sessions` (`session_id`, `ip_address`, `user_agent`, `last_activity`, `user_data`)
VALUES
	('02ba3e636499b6feabc60398c3d732e8','158.140.166.150','Mozilla/5.0 (Windows NT 6.1) AppleWebKit/537.36 (KHTML, like Gecko) Chrome/60.0.3112.113 Safari/537.36',1504843323,''),
	('413abe60253616c5708412b936997678','27.112.66.50','Mozilla/5.0 (Windows NT 6.3; Win64; x64) AppleWebKit/537.36 (KHTML, like Gecko) Chrome/60.0.3112.113 Safari/537.36',1504837593,'a:6:{s:9:\"user_data\";s:0:\"\";s:9:\"logged_in\";s:22:\"aingLoginAkuntansiYeuh\";s:8:\"username\";s:5:\"admin\";s:12:\"nama_lengkap\";s:13:\"Administrator\";s:5:\"level\";s:11:\"super admin\";s:4:\"foto\";s:7:\"252.jpg\";}'),
	('6a32059e0d6b7b54ffb6a5ba3ff11529','27.112.66.50','Mozilla/5.0 (Windows NT 6.3; Win64; x64) AppleWebKit/537.36 (KHTML, like Gecko) Chrome/60.0.3112.113 Safari/537.36',1504837920,'a:6:{s:9:\"user_data\";s:0:\"\";s:9:\"logged_in\";s:22:\"aingLoginAkuntansiYeuh\";s:8:\"username\";s:5:\"admin\";s:12:\"nama_lengkap\";s:13:\"Administrator\";s:5:\"level\";s:11:\"super admin\";s:4:\"foto\";s:7:\"252.jpg\";}'),
	('78277d917743d4ffb590e830e4669917','27.112.66.50','Mozilla/5.0 (Windows NT 6.3; Win64; x64) AppleWebKit/537.36 (KHTML, like Gecko) Chrome/60.0.3112.113 Safari/537.36',1504837920,'a:6:{s:9:\"user_data\";s:0:\"\";s:9:\"logged_in\";s:22:\"aingLoginAkuntansiYeuh\";s:8:\"username\";s:5:\"admin\";s:12:\"nama_lengkap\";s:13:\"Administrator\";s:5:\"level\";s:11:\"super admin\";s:4:\"foto\";s:7:\"252.jpg\";}'),
	('9eb812ef314eb7e299629511c0b068c0','27.112.66.50','Mozilla/5.0 (Windows NT 6.3; Win64; x64) AppleWebKit/537.36 (KHTML, like Gecko) Chrome/60.0.3112.113 Safari/537.36',1504837593,''),
	('d33a773bc2e5f89ceb2c9ed9b6364bbf','27.112.66.50','Mozilla/5.0 (Windows NT 6.3; Win64; x64) AppleWebKit/537.36 (KHTML, like Gecko) Chrome/60.0.3112.113 Safari/537.36',1504837593,''),
	('d5f4846c623917f40f1b90e055fba678','180.246.217.5','Mozilla/5.0 (Windows NT 10.0; WOW64; rv:53.0) Gecko/20100101 Firefox/53.0',1504853082,'a:6:{s:9:\"user_data\";s:0:\"\";s:9:\"logged_in\";s:22:\"aingLoginAkuntansiYeuh\";s:8:\"username\";s:5:\"admin\";s:12:\"nama_lengkap\";s:13:\"Administrator\";s:5:\"level\";s:11:\"super admin\";s:4:\"foto\";s:7:\"252.jpg\";}');

/*!40000 ALTER TABLE `ci_sessions` ENABLE KEYS */;
UNLOCK TABLES;


# Dump of table jurnal_penyesuaian
# ------------------------------------------------------------

DROP TABLE IF EXISTS `jurnal_penyesuaian`;

CREATE TABLE `jurnal_penyesuaian` (
  `no_jurnal` varchar(20) NOT NULL,
  `tgl_jurnal` date NOT NULL,
  `no_rek` char(10) NOT NULL,
  `debet` int(11) NOT NULL,
  `kredit` int(11) NOT NULL,
  `username` varchar(50) NOT NULL,
  `tgl_insert` datetime NOT NULL,
  PRIMARY KEY (`no_jurnal`,`no_rek`)
) ENGINE=InnoDB DEFAULT CHARSET=latin1;

LOCK TABLES `jurnal_penyesuaian` WRITE;
/*!40000 ALTER TABLE `jurnal_penyesuaian` DISABLE KEYS */;

INSERT INTO `jurnal_penyesuaian` (`no_jurnal`, `tgl_jurnal`, `no_rek`, `debet`, `kredit`, `username`, `tgl_insert`)
VALUES
	('011600028','2016-01-19','104',1000000,80000,'admin','2016-01-19 07:01:46'),
	('011600028','2016-01-13','1110111',400000,0,'admin','2016-01-13 01:01:04'),
	('021700033','2017-02-03','100.110',2000,40000,'admin','2017-02-02 11:02:11'),
	('021700033','2017-02-07','100.115',1000000,0,'admin','2017-02-07 09:02:15'),
	('031600027','2016-03-17','104',5000000,0,'admin','2016-03-17 07:03:08'),
	('031600027','2016-03-18','899',0,6000000,'babi','2016-03-18 07:03:25'),
	('031600027','2016-03-17','AK001',0,2500000,'admin','2016-03-17 09:03:44'),
	('031600027','2016-03-18','AK098',6000000,0,'babi','2016-03-18 07:03:00'),
	('041300001','2013-04-30','1102',250000,0,'admin','2013-04-11 07:04:32'),
	('041300001','2013-04-30','1103',0,300000,'admin','2013-04-11 07:04:48'),
	('041300001','2013-04-30','1104',0,600000,'admin','2013-04-12 03:04:41'),
	('041300001','2013-04-30','2102',0,200000,'admin','2013-04-11 07:04:31'),
	('041300001','2013-04-30','4101',300000,500000,'admin','2015-05-29 01:05:59'),
	('041300001','2013-04-30','5101',200000,0,'admin','2013-04-11 07:04:03'),
	('041300001','2013-04-30','5102',300000,0,'admin','2013-04-11 07:04:34'),
	('041300001','2013-04-30','5104',600000,0,'admin','2013-04-12 03:04:49'),
	('041600027','2016-04-20','107',0,900000,'admin','2016-04-20 12:04:25'),
	('041600027','2016-04-20','201',0,1300000,'admin','2016-04-20 11:04:36'),
	('041600027','2016-04-21','502',0,500000,'admin','2016-04-21 04:04:44'),
	('041600027','2016-04-21','503',0,1200000,'admin','2016-04-21 04:04:55'),
	('041600027','2016-04-20','899',7500000,0,'admin','2016-04-20 05:04:10'),
	('041600027','2016-04-21','9044',0,1000000,'admin','2016-04-21 04:04:56'),
	('041700033','2017-04-26','100.111',123123111,123123,'admin','2017-04-26 06:04:55'),
	('041700033','2017-04-26','100.113',123,123123,'admin','2017-04-26 06:04:36'),
	('041700033','2017-04-26','z',555,55555,'admin','2017-04-26 06:04:06'),
	('051500002','2015-05-05','0866',1000000,1000000,'admin','2015-05-05 08:05:30'),
	('051500002','2015-05-05','5101',500000,600000,'admin','2015-05-11 04:05:16'),
	('051500003','2015-05-11','4101',10000000,9000000,'admin','2015-05-11 04:05:59'),
	('051500004','2015-05-15','0866',3000000,0,'admin','2015-05-15 01:05:34'),
	('051500004','2015-05-15','4101',0,4000000,'admin','2015-05-15 01:05:49'),
	('051500004','2015-05-15','5101',30000000,0,'admin','2015-05-15 01:05:01'),
	('051500005','2015-05-21','4101',0,3000000,'admin','2015-05-21 03:05:03'),
	('051500005','2015-05-21','5102',1200000,0,'admin','2015-05-21 03:05:33'),
	('051600026','2016-05-25','119',400000,0,'admin','2016-05-24 08:05:09'),
	('051700033','2017-05-22','123456',123,321,'admin','2017-05-22 12:05:18'),
	('061500006','2015-06-12','c001',100,0,'admin','2015-06-12 03:06:17'),
	('061500007','2015-06-29','aassa',2000,1000,'admin','2015-06-29 04:06:54'),
	('061700033','2017-06-21','002',0,0,'admin','2017-06-21 11:06:13'),
	('061700033','2017-06-12','02.02',90000,79000,'admin','2017-06-12 03:06:35'),
	('071500008','2015-07-03','0206',3000,2000,'admin','2015-07-03 08:07:19'),
	('071500009','2015-07-08','0206',1000,2000,'admin','2015-07-08 09:07:41'),
	('071500009','2015-07-08','2211',1000,2000,'admin','2015-07-08 09:07:53'),
	('071500009','2015-07-08','42223',1000,2000,'admin','2015-07-08 09:07:01'),
	('071500010','2015-07-25','4101',5000,2500,'admin','2015-07-25 06:07:02'),
	('071500010','2015-07-25','42223',10000,5000,'admin','2015-07-25 06:07:33'),
	('071700033','2017-07-06','1111',10,0,'donni','2017-07-06 05:07:06'),
	('081500011','2015-08-19','0980808',1000,20000,'admin','2015-08-19 01:08:11'),
	('081500011','2015-08-19','42223',100000,20000000,'admin','2015-08-19 01:08:48'),
	('081700033','2017-08-10','1111',12555,55555,'admin','2017-08-10 01:08:54'),
	('081700033','2017-08-24','1121',700000,700000,'admin','2017-08-24 03:08:51'),
	('081700033','2017-08-01','1521',0,90000,'admin','2017-08-01 09:08:17'),
	('081700033','2017-08-10','2321',120000,400000,'admin','2017-08-10 01:08:36'),
	('091500012','2015-09-09','0206',2000,500,'admin','2015-09-09 11:09:08'),
	('091500012','2015-09-09','0302',2000,500,'admin','2015-09-09 11:09:19'),
	('091500013','2015-09-14','0200',3000,1000,'admin','2015-09-14 07:09:52'),
	('091500013','2015-09-14','0206',4000,2000,'admin','2015-09-14 07:09:15'),
	('091500014','2015-09-14','0200',3000,2000,'admin','2015-09-16 02:09:14'),
	('091500014','2015-09-14','0206',3000,1000,'admin','2015-09-14 07:09:26'),
	('091500015','2015-09-16','0200',800000,800000,'admin','2015-09-18 04:09:37'),
	('091500016','2015-09-21','103',500,16000,'admin','2015-09-21 09:09:04'),
	('091500016','2015-09-21','201',800,16000,'admin','2015-09-21 09:09:19'),
	('091500017','2015-09-30','105',4000,2000,'admin','2015-09-30 12:09:23'),
	('091500019','2015-09-30','101',100000,0,'admin','2015-09-30 11:09:18'),
	('091500019','2015-09-30','103',0,100000,'admin','2015-09-30 11:09:33'),
	('091600026','2016-09-07','111',999,0,'admin','2016-09-07 09:09:09'),
	('091700033','2017-09-06','1121',100000,111,'admin','2017-09-06 10:09:20'),
	('101500020','2015-10-01','9044',7000,2000,'admin','2015-10-01 05:10:28'),
	('101500021','2015-10-01','834',9000,5000,'admin','2015-10-01 06:10:31'),
	('101500022','2015-10-08','8932',3000,2500,'admin','2015-10-08 01:10:50'),
	('101500023','2015-10-12','834',100000,0,'admin','2015-10-12 10:10:56'),
	('101500025','2015-10-13','119',500,0,'admin','2016-05-23 12:05:20'),
	('101500025','2015-10-13','6789',7000,5000,'admin','2015-10-13 03:10:45'),
	('101600026','2016-10-14','1111',1,2,'admin','2016-10-14 08:10:35'),
	('101600027','2016-10-24','101-1',700000,0,'admin','2016-10-24 01:10:15'),
	('101600027','2016-10-24','4,010',456546,0,'admin','2016-10-24 01:10:31'),
	('101600028','2016-10-25','101',300000,300000,'adin','2016-10-25 04:10:52'),
	('101600029','2016-10-26','100.115',3434,3434,'admin','2017-02-10 10:02:30'),
	('101600029','2016-10-26','12345',1200000000,20000000,'admin','2016-10-26 08:10:53'),
	('101600029','2016-10-26','Kas Awal',12122,12222,'admin','2017-02-10 10:02:05'),
	('111600030','2016-11-14','101',100000,100000,'admin','2016-11-14 11:11:22'),
	('121600031','2016-12-08','100.000',5000000,0,'qwerty','2016-12-08 07:12:43'),
	('121600032','2016-12-17','100.000',100000,10000,'admin','2016-12-17 11:12:05'),
	('121600032','2016-12-17','100.110',354,345,'admin','2017-04-15 12:04:29');

/*!40000 ALTER TABLE `jurnal_penyesuaian` ENABLE KEYS */;
UNLOCK TABLES;


# Dump of table jurnal_umum
# ------------------------------------------------------------

DROP TABLE IF EXISTS `jurnal_umum`;

CREATE TABLE `jurnal_umum` (
  `no_jurnal` varchar(20) NOT NULL,
  `tgl_jurnal` date NOT NULL,
  `ket` varchar(255) NOT NULL,
  `no_bukti` varchar(100) NOT NULL,
  `no_rek` char(10) NOT NULL,
  `debet` int(11) NOT NULL,
  `kredit` int(11) NOT NULL,
  `username` varchar(50) NOT NULL,
  `tgl_insert` datetime NOT NULL,
  PRIMARY KEY (`no_jurnal`,`no_rek`)
) ENGINE=InnoDB DEFAULT CHARSET=latin1;

LOCK TABLES `jurnal_umum` WRITE;
/*!40000 ALTER TABLE `jurnal_umum` DISABLE KEYS */;

INSERT INTO `jurnal_umum` (`no_jurnal`, `tgl_jurnal`, `ket`, `no_bukti`, `no_rek`, `debet`, `kredit`, `username`, `tgl_insert`)
VALUES
	('011600104','2016-01-16','adfadfadf','A1','0003',100,10101,'admin','2016-01-16 08:01:47'),
	('011600104','2016-01-22','','BUKTI 001','104',500,0,'admin','2016-01-22 06:01:50'),
	('011600104','2016-01-28','Bayar gaji pegawai','JDD','106',1,6,'admin','2016-01-28 06:01:04'),
	('011600104','2016-01-24','','123','107',500000,500000,'admin','2016-01-24 02:01:21'),
	('011600104','2016-01-10','Hgg','In0001','5001',0,4500000,'admin','2016-01-10 01:01:56'),
	('011600104','2016-01-15','MEMORIAL','5648924','501',1100000,0,'admin','2016-01-15 04:01:55'),
	('011600104','2016-01-01','Teasttasa','BO00','502',2147483647,2147483647,'admin','2016-01-01 11:01:39'),
	('011600104','2016-01-15','BIAYA','12345','503',5000,0,'admin','2016-01-15 04:01:50'),
	('011600104','2016-01-08','Penjualan ke pt sejahtera','B00101','9999',0,1900000,'admin','2016-01-08 10:01:37'),
	('011700113','2017-01-02','jj','001','100.000',2,2,'admin','2017-01-02 08:01:35'),
	('011700113','2017-01-10','Pembelian komputer 3 unit','PPPPCSD','100.110',10000000,0,'admin','2017-01-10 11:01:36'),
	('011700113','2017-01-28','BELI MEJA','001','100.111',0,5000,'admin','2017-01-28 03:01:05'),
	('011700113','2017-01-16','Pembelian','0120','1111111',50000,0,'admin','2017-01-16 05:01:23'),
	('011700113','2017-01-28','BELI MEJA','001','50000',5000,0,'admin','2017-01-28 03:01:31'),
	('021600104','2016-02-10','','BK002','107',3000000,0,'admin','2016-02-10 02:02:12'),
	('021600104','2016-02-09','','PP','12121',100000,0,'admin','2016-02-09 03:02:48'),
	('021600104','2016-02-09','','KK','4,010',100000,0,'admin','2016-02-09 03:02:59'),
	('021600104','2016-02-09','','KK','7823',0,120000,'admin','2016-02-09 03:02:39'),
	('021700113','2017-02-20','test','AK-01-2017','100.110',10000,0,'admin','2017-02-20 06:02:48'),
	('021700113','2017-02-09','','001/dli/bkk/17/01/20','100.111',100,100,'admin','2017-02-09 12:02:58'),
	('021700113','2017-02-07','1213212111213','1123123','100.115',100000,0,'admin','2017-02-07 09:02:45'),
	('021700113','2017-02-20','test','AK-01-2017','1001',0,10000,'admin','2017-02-20 06:02:15'),
	('021700113','2017-02-07','1213212111213','1123123','1111111',100000,0,'admin','2017-02-07 09:02:00'),
	('031600104','2016-03-17','Beli meja','NB006','104',0,2000000,'admin','2016-03-17 08:03:39'),
	('031600104','2016-03-25','test','A1','107',1234,1234,'admin','2016-03-25 11:03:37'),
	('031600104','2016-03-29','test','7878','11001',200000,200000,'admin','2016-03-29 10:03:38'),
	('031600104','2016-03-28','','JNKNKNK','1110111',0,300000,'admin','2016-03-28 04:03:52'),
	('031600104','2016-03-20','','112321','201',200,200,'admin','2016-03-20 10:03:14'),
	('031600104','2016-03-30','rwuwetu','12314','302',250000,0,'admin','2016-03-30 04:03:37'),
	('031600104','2016-03-31','coba','11231','303',2000,2000,'admin','2016-03-31 03:03:38'),
	('031600104','2016-03-17','beli gas','890','7823',0,1000000,'admin','2016-03-17 07:03:41'),
	('031600104','2016-03-21','pembelian meja','345','899',0,200000,'babi','2016-03-21 05:03:29'),
	('031600104','2016-03-21','pembelian meja','345','AK001',200000,0,'babi','2016-03-21 05:03:10'),
	('031700113','2017-03-02','coba','12112','100.110',100000,0,'admin','2017-03-02 02:03:36'),
	('031700113','2017-03-09','','11111','100.112',1000000,0,'admin','2017-03-09 12:03:48'),
	('031700113','2017-03-07','okkkk','000025','100.113',1000,1000,'admin','2017-03-07 07:03:16'),
	('031700113','2017-03-19','','1','100.114',1000000,0,'admin','2017-03-19 10:03:41'),
	('031700113','2017-03-02','','11111','100.115',2500,200000,'admin','2017-03-02 12:03:39'),
	('031700113','2017-03-02','dasdasd22','1223222','30001',2222,2222,'admin','2017-03-02 12:03:15'),
	('041300001','2013-04-16','Pembayaran dari Klien','001','1101',4000000,0,'admin','2013-04-11 07:04:18'),
	('041300001','2013-04-16','Pembayaran dari Klien','001','1102',0,4000000,'admin','2013-04-12 03:04:11'),
	('041300002','2013-04-17','Pembayaran dari Klien','002','1102',1700000,0,'admin','2013-04-11 07:04:31'),
	('041300002','2013-04-17','Pembayaran dari Klien','002','4101',0,1700000,'admin','2013-04-11 07:04:43'),
	('041300003','2013-04-19','Biaya lain-lain','003','1101',0,200000,'admin','2013-04-11 07:04:01'),
	('041300003','2013-04-19','Biaya lain-lain','003','5103',200000,0,'admin','2013-04-11 07:04:22'),
	('041300004','2013-04-21','membayar kewajiban jatuh tempo','004','1101',0,2600000,'admin','2013-04-11 07:04:01'),
	('041300004','2013-04-21','membayar kewajiban jatuh tempo','004','2101',2600000,0,'admin','2013-04-11 07:04:28'),
	('041300005','2013-04-22','beli perlengkapan secara kredit','005','1104',200000,0,'admin','2013-04-11 07:04:23'),
	('041300005','2013-04-22','beli perlengkapan secara kredit','005','2101',0,200000,'admin','2013-04-11 07:04:54'),
	('041300006','2013-04-23','menggunakan uang untuk keperluan pribadi','006','1101',0,2100000,'admin','2013-04-11 07:04:37'),
	('041300006','2013-04-23','menggunakan uang untuk keperluan pribadi','006','3102',2100000,0,'admin','2013-04-11 07:04:28'),
	('041300007','2013-04-25','pendapatan jasa ','007','1101',1900000,0,'admin','2013-04-11 07:04:21'),
	('041300007','2013-04-25','pendapatan jasa ','007','4101',0,1900000,'admin','2013-04-11 07:04:32'),
	('041300008','2013-04-30','Membayar gaji karyawan','008','1101',0,1800000,'admin','2013-04-11 07:04:03'),
	('041300008','2013-04-30','Membayar gaji karyawan','008','5101',1800000,0,'admin','2013-04-11 07:04:15'),
	('041600104','2016-04-14','utang modal','LLLLL-11111','106',100000000,0,'admin','2016-04-14 02:04:43'),
	('041600104','2016-04-01','masuk','EEEEEEE','107',2000000,20000000,'admin','2016-04-30 08:04:21'),
	('041600104','2016-04-25','tester','909090909','11001',100,100,'admin','2016-04-25 12:04:40'),
	('041600104','2016-04-20','Pendapatan Kas','1210','13455',5000000,0,'admin','2016-04-20 11:04:15'),
	('041600104','2016-04-20','Utang Pran','1920','201',0,8000000,'admin','2016-04-20 05:04:06'),
	('041600104','2016-04-14','utang modal','LLLLL-11111','301',0,100000000,'admin','2016-04-14 02:04:35'),
	('041600104','2016-04-20','Pembayara Gaji Pegawai','10299','501',12000000,0,'admin','2016-04-20 11:04:26'),
	('041600104','2016-04-20','Kas','1901','899',10000000,0,'admin','2016-04-20 05:04:51'),
	('041700113','2017-04-28','beli','123','100.111',200,150,'admin','2017-04-28 02:04:39'),
	('041700113','2017-04-27','','111','100.113',100000000,0,'admin','2017-04-27 11:04:58'),
	('041700113','2017-04-27','','111','3002',0,100000000,'admin','2017-04-27 11:04:29'),
	('051500009','2015-05-03','','02','5101010101',0,400000000,'admin','2015-05-03 05:05:07'),
	('051500010','2015-05-05','tes','1001','0866',1000000,0,'admin','2015-05-05 07:05:54'),
	('051500011','2015-05-12','','GHH','5102',10000,10000,'admin','2015-05-12 04:05:53'),
	('051500012','2015-05-26','xzxzxz','XZX','123',1000,0,'admin','2015-05-26 10:05:36'),
	('051600104','2016-05-24','keterangan 1\n','00001','0001',9000000,3000000,'admin','2016-05-24 10:05:57'),
	('051600104','2016-05-02','rgrgrgr','34556666','107',10000,10000,'admin','2016-05-02 02:05:55'),
	('051600104','2016-05-16','Adadsa','A12321','11001',300000,0,'admin','2016-05-16 10:05:58'),
	('051600104','2016-05-23','asd','ASD','1111',0,0,'admin','2016-05-23 11:05:19'),
	('051600104','2016-05-24','1','1','119',0,500000,'admin','2016-05-24 11:05:24'),
	('051600104','2016-05-16','Pembayaran utang ','100','202',2500000,0,'admin','2016-05-16 09:05:21'),
	('051600104','2016-05-16','Penambahan modal','100','301',0,5000000,'admin','2016-05-16 09:05:06'),
	('051600104','2015-10-01','fdgf','DFGDG','401',500000,0,'admin','2016-05-23 09:05:41'),
	('051600104','2016-05-21','','FGH','5001',0,0,'admin','2016-05-21 02:05:21'),
	('051600104','2016-05-16','Pembayaran gaji karyawan','100','501',2500000,0,'admin','2016-05-16 09:05:30'),
	('051600104','2016-05-24','sfsf','DSFS','nafi',200000,0,'admin','2016-05-23 09:05:08'),
	('051600104','2016-05-23','111','11','R1',500000,0,'admin','2016-05-23 09:05:34'),
	('051700113','2017-05-23','jjjj','78888','100',9000000,9000,'admin','2017-05-23 01:05:56'),
	('061500013','2015-06-04','kas masuk','BKT001','123',0,100000,'admin','2015-06-04 06:06:31'),
	('061500014','2015-06-04','Gaji pelatihan','23423','4101',0,500000,'admin','2015-06-04 01:06:58'),
	('061500015','2015-06-05','12221','1111','123',0,1000,'admin','2015-06-05 09:06:37'),
	('061500016','2015-06-10','\n\n\n\n\n\nasda','232','123456',1000,1000,'admin','2015-06-10 02:06:51'),
	('061500017','2015-06-12','karcis','B/01','c001',100,0,'admin','2015-06-12 03:06:29'),
	('061500018','2015-06-18','','0111245454','123456',5000000,0,'admin','2015-06-18 04:06:33'),
	('061500019','2015-06-25','ghjghjg','GHJGHJ','123456',90000,0,'admin','2015-06-25 02:06:37'),
	('061500019','2015-06-04','ghjghjg','GHJGHJ','6969696969',100,100,'admin','2015-06-27 08:06:06'),
	('061600104','2016-06-02','sadad','DASDSA','0001',100000,0,'admin','2016-06-02 05:06:04'),
	('061600104','2016-06-05','Baru coba Juarnal','111222333','1110111',100000,100000,'admin','2016-06-05 07:06:54'),
	('061600104','2016-06-01','pendapatan parkir','101JTUYF','402',50000,0,'admin','2016-06-18 05:06:28'),
	('061600104','2016-06-30','modal','333','899',3000000,0,'admin','2016-06-30 05:06:46'),
	('061600104','2016-06-18','jgufgyht','JHGLIU','9044',2000,0,'admin','2016-06-18 05:06:20'),
	('061700113','2017-06-20','membeli bahan baku','097','002',4000000,4000000,'admin','2017-06-20 12:06:49'),
	('061700113','2017-06-12','membeli kecap','004','02.02',700000,200000,'admin','2017-06-12 03:06:41'),
	('061700113','2017-06-12','membeli jagung','024','022',900000,200000,'admin','2017-06-12 03:06:20'),
	('061700113','2017-06-08','','A-001','1.1.0.0',1000000,0,'admin','2017-06-08 11:06:20'),
	('061700113','2017-06-07','sdfsdf','DFSDF','1.1.1.0',90,0,'admin','2017-06-07 11:06:53'),
	('061700113','2017-06-04','asd','ASD','200',55,5555,'admin','2017-06-04 03:06:03'),
	('071500020','2015-07-03','Jasa','0206','0206',1000,500,'admin','2015-07-03 08:07:23'),
	('071500021','2015-07-06','Sewa dibayar dimuka','02062012','0206',3000,2000,'admin','2015-07-06 01:07:13'),
	('071500021','2015-07-06','Sewa Alat alat','02020127','2211',3000,1000,'admin','2015-07-06 01:07:37'),
	('071500021','2015-07-06','Sewa dibayar dimuka','02062013','4101',8000,3000,'admin','2015-07-06 01:07:24'),
	('071500021','2015-07-06','Sewa dibayar dimuka','02062013','42223',8000,3000,'admin','2015-07-06 01:07:54'),
	('071500022','2015-07-08','Pengeluaran','02062012','0206',1000,2000,'admin','2015-07-08 09:07:19'),
	('071500022','2015-07-08','Pengeluaran','02062012','2211',1000,2000,'admin','2015-07-08 09:07:05'),
	('071500022','2015-07-08','Pengeluaran','02062012','4101',1000,2000,'admin','2015-07-08 09:07:42'),
	('071500023','2015-07-10','jj','000221','0206',500,100,'admin','2015-07-10 11:07:07'),
	('071500023','2015-07-10','jj','000221','2211',2000,2000,'admin','2015-07-10 12:07:54'),
	('071500023','2015-07-10','jj','000221','4101',10000,1000,'admin','2015-07-10 06:07:45'),
	('071500023','2015-07-10','jj','000221','42223',1000,1000,'admin','2015-07-10 12:07:59'),
	('071500024','2015-07-10','j','9898','0206',1000,1000,'admin','2015-07-10 11:07:40'),
	('071500025','2015-07-10','haha','3456','4101',3000,0,'admin','2015-07-14 10:07:28'),
	('071500025','2015-07-10','haha','3456','42223',3000,0,'admin','2015-07-14 10:07:28'),
	('071500026','2015-07-13','','012328382','4101',2147483647,0,'admin','2015-07-13 11:07:42'),
	('071500027','2015-07-25','tes','02062012','4101',60000,0,'admin','2015-08-15 01:08:36'),
	('071700113','2017-08-01','Gak tau','1212','1111',20000,0,'admin','2017-07-31 02:07:27'),
	('071700113','2017-07-06','dggdg','32213123','1121',1111111,1,'admin','2017-07-06 09:07:06'),
	('071700113','2017-07-05','Untuk membeli perlengkapan kantor di Alvin Colection','BKK01','1211',2000000,0,'admin','2017-07-06 04:07:33'),
	('071700113','2017-07-04','Untuk membeli perlengkapan studio di Fuji Film','BKK01','1221',7000000,0,'admin','2017-07-06 04:07:58'),
	('071700113','2017-07-16','pembayaran','123','1511',1000000,0,'admin','2017-07-16 07:07:42'),
	('071700113','2017-07-02','Pembelian peralatan studio dari Sejahtera Elektronik','FAKTUR001','1521',65000000,0,'admin','2017-07-06 04:07:59'),
	('071700113','2017-07-06','Untuk membayar 50% pembelian peralatan kantor ke Lima Sekawan Meuble','FAKTUR02','2111',0,22500000,'admin','2017-07-06 04:07:54'),
	('071700113','2017-07-01','Kas masuk dari hutang bank','BKM01','2131',0,500000000,'admin','2017-07-06 04:07:58'),
	('071700113','2017-07-09','Pendapatan kredit dari Luccini Cafe','BPM01','2311',0,100000000,'admin','2017-07-06 04:07:11'),
	('071700113','2017-07-06','1111111111111111111111111','11','2321',11111111,0,'admin','2017-07-06 05:07:56'),
	('071700113','2017-07-06','2323','23424','2421',234,0,'admin','2017-07-06 03:07:32'),
	('071700113','2017-07-06','34e23r4e','2131','4,010',1111,0,'admin','2017-07-06 03:07:22'),
	('071700113','2017-07-06','9 959','48484','45345',0,12,'admin','2017-07-06 03:07:18'),
	('081500028','2015-08-01','','5467','0066',6544678,2147483647,'admin','2015-08-01 08:08:50'),
	('081500029','2015-08-13','cdsccsdsd','1234','123',20000,20000,'admin','2015-08-13 05:08:38'),
	('081500029','2015-08-13','cdsccsdsd','1234','aassa',40000,40000,'admin','2015-08-13 05:08:55'),
	('081500030','2015-08-15','sepatu','F001','3456',250000,0,'admin','2015-08-15 01:08:13'),
	('081500031','2015-08-15','pakaiana','5001','0066',500000,0,'admin','2015-08-15 01:08:12'),
	('081500032','2015-08-15','ghj','12234','0066',30000,0,'admin','2015-08-15 03:08:35'),
	('081500032','2015-08-15','fty','555','4101',0,2500000,'admin','2015-08-15 03:08:07'),
	('081500033','2015-08-06','Tes','123','0066',0,1000000,'admin','2015-08-22 02:08:01'),
	('081600103','2016-08-24','test','1','111',1000000,0,'admin','2016-08-24 11:08:30'),
	('081600103','2016-08-21','aaaaaa','1785690','112',20000000,20000000,'admin','2016-08-21 09:08:41'),
	('081600103','2016-08-21','gaji pegawai fakultas hukum','12345','AK098',500000,500000,'admin','2016-08-21 08:08:50'),
	('081600103','2016-08-27','coba jurnal umum','11012345','Kas Awal',1000,2000,'admin','2016-08-27 04:08:49'),
	('081600104','2016-08-05','','11012','1001',10000,5000,'admin','2016-08-05 09:08:44'),
	('081600104','2016-08-03','pembayaran customer','00076','401',0,10000000,'admin','2016-08-03 05:08:51'),
	('081700113','2017-08-02','makan bakso','121234','1111',30000,30000,'admin','2017-08-02 01:08:59'),
	('081700113','2017-08-20','jkhjkhkj','098980','1121',1000000,1000000,'admin','2017-08-20 08:08:19'),
	('081700113','2017-08-09','Get','0909','1411',900,900,'admin','2017-08-09 11:08:30'),
	('081700113','2017-08-24','erer','23','2331',67676767,67676767,'admin','2017-08-24 03:08:47'),
	('091500034','2015-09-03','Pembayaran Listrik','02021127','0302',2000,1000,'admin','2015-09-03 06:09:26'),
	('091500035','2015-09-08','Test','0033','0066',1000,500,'admin','2015-09-09 11:09:06'),
	('091500035','2015-09-08','Test','0808','0302',4000,2000,'admin','2015-09-08 11:09:39'),
	('091500036','2015-09-10','Bayar Listrik','02062018','0033',5000,2000,'admin','2015-09-10 08:09:12'),
	('091500037','2015-09-10','Sewa PBB','02062088','0302',4000,1000,'admin','2015-09-10 08:09:23'),
	('091500037','2015-09-10','Listrik Bulanan','02062011','0904',5000,2000,'admin','2015-09-10 08:09:58'),
	('091500038','2015-09-10','Bayar Air','02062340','0904',6000,12000,'admin','2015-09-10 09:09:31'),
	('091500039','2015-09-10','Persembahan Minggu 01/02/2015','121212','0033',0,500000,'admin','2015-09-10 01:09:57'),
	('091500040','2015-09-10','Persembahan Minggu 12-12-2015','11','12121212',0,500000,'admin','2015-09-10 02:09:47'),
	('091500041','2015-09-13','Utang di bayar dimuka','02062011','0203',3000,2000,'admin','2015-09-13 11:09:17'),
	('091500042','2015-09-13','Utang Sewa Mobil','02062000','0203',2000,4000,'admin','2015-09-13 11:09:32'),
	('091500042','2015-09-13','Kas Masuk','02062001','0206',5000,1000,'admin','2015-09-13 11:09:43'),
	('091500043','2015-09-13','Hutang Awal','0932','0203',4000,2000,'admin','2015-09-13 06:09:13'),
	('091500044','2015-09-14','Hutang d','8898','0200',5000,2000,'admin','2015-09-14 07:09:10'),
	('091500045','2015-09-14','Hutang a','2244','0200',3000,2000,'admin','2015-09-14 07:09:25'),
	('091500046','2015-09-16','Persembahan Jemaat 7 September 2015','01','1717',0,2000000,'admin','2015-09-16 04:09:33'),
	('091500047','2015-09-16','Persembahan 13 September 2015','1212','0200',100000,100000,'admin','2015-09-17 08:09:46'),
	('091500047','2015-09-16','Persembahan 13 September 2015','1212','1717',0,1500000,'admin','2015-09-16 04:09:52'),
	('091500048','2015-09-16','','123214312','1010',500000,0,'admin','2015-09-16 04:09:38'),
	('091500048','2015-09-16','','123214312','1111',200000,0,'admin','2015-09-16 04:09:00'),
	('091500048','2015-09-16','','123214312','1212',300000,0,'admin','2015-09-16 04:09:25'),
	('091500048','2015-09-16','','123214312','1414',500000,0,'admin','2015-09-16 04:09:59'),
	('091500048','2015-09-16','','123214312','1515',1000000,0,'admin','2015-09-16 04:09:27'),
	('091500048','2015-09-16','','123214312','1616',300000,0,'admin','2015-09-16 04:09:46'),
	('091500048','2015-09-16','','123214312','1717',200000,0,'admin','2015-09-16 04:09:57'),
	('091500049','2015-09-17','siapa','QWEE34','1111',100000,100000,'admin','2015-09-17 08:09:54'),
	('091500050','2015-09-18','test','88888888','0203',900000,900000,'admin','2015-09-18 02:09:28'),
	('091500051','2015-09-18','Test1','001','1414',200000,500000,'admin','2015-09-18 08:09:42'),
	('091500051','2015-09-18','Test1','002','1717',500000,500000,'admin','2015-09-18 08:09:25'),
	('091500052','2015-09-19','hutang','0099','0200',4000,2000,'admin','2015-09-19 10:09:42'),
	('091500053','2015-09-19','utang','0088','0200',2000,1000,'admin','2015-09-19 10:09:26'),
	('091500053','2015-09-19','Masuk','0088','0206',2000,1000,'admin','2015-09-19 10:09:41'),
	('091500054','2015-09-19','pembelian ban dalam lagi','BKT123113','101',100000,100000,'admin','2015-09-19 07:09:12'),
	('091500055','2015-09-19','setor bank','123111','102',500000,500000,'admin','2015-09-19 07:09:07'),
	('091500056','2015-09-19','pembelian perlengkapan','00001','101',100000,100000,'admin','2015-09-19 07:09:20'),
	('091500056','2015-09-19','pembelian perlengkapan','00001','102',100000,100000,'admin','2015-09-19 07:09:46'),
	('091500057','2015-09-19','TEST','F','101',0,900000,'admin','2015-09-19 09:09:42'),
	('091500057','2015-09-19','TEST','F','102',900000,0,'admin','2015-09-19 09:09:11'),
	('091500058','2015-09-20','kas awal','BK01','101',30000000,0,'admin','2015-09-19 09:09:59'),
	('091500058','2015-09-20','modal','BK02','301',0,30000000,'admin','2015-09-19 09:09:24'),
	('091500059','2015-09-20','peralatan kantor 1','BK06','101',0,5000000,'admin','2015-09-19 09:09:24'),
	('091500059','2015-09-20','bayar sewa','BK03','102',1000000,0,'admin','2015-09-19 09:09:39'),
	('091500059','2015-09-20','peralatan kantor','BK05','103',2000000,0,'admin','2015-09-19 09:09:18'),
	('091500059','2015-09-20','peralatan kantor 1','BK06','105',5000000,0,'admin','2015-09-19 09:09:13'),
	('091500060','2015-09-21','olk','108091000126','103',1200,5200,'admin','2015-09-21 09:09:19'),
	('091500061','2015-09-22','Angsuran','887','102',30000,1000000,'admin','2015-09-22 10:09:08'),
	('091500062','2015-09-22','Kantor','887','105',5000000,10000000,'admin','2015-09-22 12:09:40'),
	('091500063','2015-09-26','','67','101',100000,0,'admin','2015-09-26 11:09:48'),
	('091500064','2015-09-27','pasangbaru listrik an sulihati','PB450VA','101',675000,675000,'admin','2015-09-27 10:09:53'),
	('091500065','2015-09-27','1','1','401',675000,675000,'admin','2015-09-27 10:09:15'),
	('091500066','2015-09-27','Pasang baru listrik daya 450 va','PB450','101',675000,675000,'akbar','2015-09-27 10:09:13'),
	('091500066','2015-09-27','Pasang baru listrik daya 450 va','PB450','401',675000,675000,'akbar','2015-09-27 10:09:53'),
	('091600103','2016-09-17','Hibah','012','111',5000000,0,'admin','2016-09-17 08:09:13'),
	('091600103','2016-09-24','','1','4,010',1000000,1000000,'admin','2016-09-24 01:09:38'),
	('091600103','2016-09-17','Hibah','012','505',0,5000000,'admin','2016-09-17 08:09:14'),
	('091700113','2017-09-06','adasdsda','123','1121',100000,11111,'admin','2017-09-06 10:09:22'),
	('091700113','2017-09-06','adasdsda','123','1131',100000,11111,'admin','2017-09-06 10:09:41'),
	('091700113','2017-09-06','adasdsda','123','1411',100000,11111,'admin','2017-09-06 10:09:24'),
	('091700113','2017-09-05','','12123','1421',1000000,100000,'admin','2017-09-05 10:09:14'),
	('101500067','2015-10-01','Kas Akhir','8921','8923',9000,5000,'admin','2015-10-01 04:10:14'),
	('101500068','2015-10-01','Beban Peralatan','8912','6677',2000,1500,'admin','2015-10-01 05:10:27'),
	('101500069','2015-10-01','Beban Peralatan','6811','6677',5000,10000,'admin','2015-10-01 05:10:09'),
	('101500070','2015-10-01','Beban Angkut','8921','9044',10000,5000,'admin','2015-10-01 05:10:11'),
	('101500071','2015-10-01','Peralatan Kantor','8923','834',2000,1000,'admin','2015-10-01 06:10:44'),
	('101500072','2015-10-01','Kas Awal\n','8932','899',10000,7000,'admin','2015-10-01 06:10:01'),
	('101500073','2015-10-05','Kas Masuk','12121','0101',450000,450000,'admin','2015-10-05 09:10:38'),
	('101500073','2015-10-05','Pembelian ATK','121212','103',0,320000,'admin','2015-10-05 09:10:11'),
	('101500074','2015-10-08','Beban Harta','7823','8932',3000,2500,'admin','2015-10-08 01:10:47'),
	('101500075','2015-10-16','testing','12345','0101',1000,0,'admin','2015-10-10 02:10:56'),
	('101500076','2015-10-10','','11','0101',1,1,'admin','2015-10-10 03:10:09'),
	('101500077','2015-10-10','abcde','1111','01010101',0,1000000,'admin','2015-10-12 08:10:59'),
	('101500077','2015-10-10','abcde','1111','103',1000000,0,'admin','2015-10-12 08:10:30'),
	('101500078','2015-10-12','Pembayaran rek listrik','ASD','01010101',0,5000000,'admin','2015-10-12 08:10:32'),
	('101500078','2015-10-12','Pembayaran rek listrik','ASD','103',500000,0,'admin','2015-10-12 08:10:18'),
	('101500079','2015-10-12','Pembayaran perlengkapan kantor','SAD','01010101',0,5000000,'admin','2015-10-12 08:10:33'),
	('101500079','2015-10-12','Pembayaran perlengkapan kantor','SAD','103',5000000,0,'admin','2015-10-12 08:10:06'),
	('101500080','2015-10-12','','1223','0101',12,0,'admin','2015-10-12 12:10:49'),
	('101500080','2015-10-12','','1223','1111',0,12,'admin','2015-10-12 12:10:17'),
	('101500081','2015-10-13','Utang','677','6789',8000,2000,'admin','2015-10-13 03:10:15'),
	('101500082','2015-10-13','','123','102',10000,10000,'admin','2015-10-13 10:10:46'),
	('101500083','2015-10-14','Penjualan toko','14','401',10000000,10000000,'admin','2015-10-14 09:10:20'),
	('101500084','2015-10-15','','124','202',5000000,5000000,'admin','2015-10-15 10:10:01'),
	('101500085','2015-10-15','Service Mobil','125','133',2000000,0,'admin','2015-10-15 10:10:50'),
	('101500086','2015-10-15','Service Mobil Bp 1234 ak','126','105',1500000,500000,'admin','2015-10-15 11:10:25'),
	('101500087','2015-10-20','Toko Kurnia','1234','401',0,500000,'admin','2015-10-20 03:10:31'),
	('101500088','2015-10-20','Penjualan Sinta','1234','402',0,300000,'admin','2015-10-20 03:10:36'),
	('101500089','2016-01-11','','B00001','105',1000000,0,'admin','2015-10-23 01:10:33'),
	('101500090','2015-11-23','','B00005','105',500000,0,'admin','2015-10-23 01:10:54'),
	('101500091','2014-11-01','lll','B00020','102',0,2000000,'admin','2015-10-23 02:10:23'),
	('101500092','2014-12-01','','B00019','401',0,5000000,'admin','2015-10-23 02:10:45'),
	('101500093','2015-10-23','keterangan1','BUK01','0001',20000,23000,'admin','2015-10-23 05:10:55'),
	('101500094','2015-10-24','ket2','BUK01','0003',3500,3000,'admin','2015-10-23 05:10:00'),
	('101500094','2015-10-24','ket2','BUK01','102',2000,3000,'admin','2015-10-23 05:10:48'),
	('101500096','2015-10-23','Beli atk','123466T','103',100000000,1000000000,'admin','2015-10-23 07:10:41'),
	('101500097','2015-10-27','aseawewqeqw','12321','104',121,121,'admin','2015-10-27 09:10:43'),
	('101500098','2015-10-30','ytes','10000','401',100000000,0,'admin','2015-10-30 02:10:43'),
	('101600103','2016-10-20','wagon','100000000','101',100,200,'admin','2016-11-23 01:11:53'),
	('101600103','2016-10-20','wagon','100000000','101-1',0,100000,'admin','2016-10-20 08:10:09'),
	('101600103','2016-10-14','','1234444TES','1111',90000,799,'admin','2016-10-14 08:10:41'),
	('101600103','2016-10-26','hutang','1111111','12345',120000000,1000000,'admin','2016-10-26 08:10:26'),
	('101600103','2016-10-13','Test','RT','210',500000,500000,'admin','2016-10-13 08:10:17'),
	('101600103','2016-10-13','Test','T','505',600000,700000,'admin','2016-10-13 08:10:08'),
	('101600103','2016-10-14','2','1','s1',80000,1,'admin','2016-10-14 08:10:38'),
	('111500099','2015-11-26','jklljkljl','099999','103',5000000,0,'admin','2015-11-26 05:11:39'),
	('121500100','2015-12-07','Beli','12341','105',15000,12000,'admin','2015-12-07 11:12:29'),
	('121500101','2015-12-08','dhdddjd','111','101-1',0,10000,'admin','2016-10-27 04:10:15'),
	('121500102','2015-12-14','beli beli','888887776','103',50000,0,'admin','2015-12-14 12:12:46'),
	('121500102','2015-12-14','beli beli','888887776','111',4000,0,'admin','2016-09-14 12:09:14'),
	('121500102','2015-12-14','beli beli','888887776','112',10000000,10000000,'admin','2016-08-22 08:08:55'),
	('121500102','2015-12-14','beli beli','888887776','210',0,54000,'admin','2016-10-13 08:10:50'),
	('121600103','2016-12-04','Pendapatan 1','1242016001','100.112',1000000,1000000,'admin','2016-12-04 08:12:34'),
	('121600103','2016-12-04','Pendapatan 1','1242016001','30001',1000000,1000000,'admin','2016-12-04 08:12:32'),
	('121600104','2016-12-05','deposit 2','123','30001',2000000,0,'admin','2016-12-05 10:12:11'),
	('121600105','2016-12-05','bayar tiket','1111','30001',0,1000000,'admin','2016-12-05 10:12:58'),
	('121600106','2016-12-05','bayar tiket','2222','1111111',1000000,0,'qwerty','2016-12-08 07:12:21'),
	('121600107','2016-12-11','test','55555','100.110',5000000,0,'admin','2016-12-11 01:12:56'),
	('121600108','2016-12-12','2121','12','100.110',0,20000,'admin','2016-12-12 10:12:34'),
	('121600108','2016-12-12','Pembelian Barang','12','1111111',20000,0,'admin','2016-12-12 10:12:25'),
	('121600109','2016-12-12','test','0002','1111111',22,22,'admin','2016-12-12 08:12:24'),
	('121600110','2016-12-17','123','123','30001',2000000,0,'admin','2017-01-10 11:01:14'),
	('121600111','2016-12-21','kkkk','000242','100.000',250000,250000,'admin','2016-12-21 12:12:37'),
	('121600111','2016-12-21','kkkk','000242','100.100',250000,250000,'admin','2016-12-21 12:12:16'),
	('121600112','2016-12-29','rthrthrth','009910','1111',0,11,'donni','2017-07-06 03:07:21'),
	('121600112','2016-12-29','rthrthrth','009910','1121',600,0,'admin','2017-09-08 10:09:54'),
	('121600112','2016-12-29','rthrthrth','009910','1511',0,6000,'admin','2017-08-11 03:08:54'),
	('121600112','2016-12-29','rthrthrth','009910','2111',0,12,'admin','2017-08-10 05:08:15');

/*!40000 ALTER TABLE `jurnal_umum` ENABLE KEYS */;
UNLOCK TABLES;


# Dump of table rekening
# ------------------------------------------------------------

DROP TABLE IF EXISTS `rekening`;

CREATE TABLE `rekening` (
  `no_rek` char(10) NOT NULL DEFAULT '',
  `induk` char(10) NOT NULL DEFAULT '0',
  `level` smallint(6) DEFAULT '0',
  `nama_rek` varchar(100) DEFAULT NULL,
  PRIMARY KEY (`no_rek`)
) ENGINE=InnoDB DEFAULT CHARSET=latin1;

LOCK TABLES `rekening` WRITE;
/*!40000 ALTER TABLE `rekening` DISABLE KEYS */;

INSERT INTO `rekening` (`no_rek`, `induk`, `level`, `nama_rek`)
VALUES
	('1121','0',0,'Piutang'),
	('1131','0',0,'Surat Berharga (Saham)'),
	('1211','0',0,'Perlengkapan Kantor'),
	('1212','1111',1,'sdsds'),
	('1221','0',0,'Tes'),
	('1311','0',0,'Persekot Asuransi'),
	('1411','0',0,'Gedung'),
	('1421','0',0,'Akumulasi Penyusutan Gedung'),
	('1511','0',0,'Peralatan Kantor'),
	('1512','0',0,'Akumulasi Penyusutan Peralatan Kantor'),
	('1521','0',0,'Peralatan Studio'),
	('1522','0',0,'Akumulasi Penyusutan Peralatan Studio'),
	('2111','0',0,'Utang'),
	('2121','0',0,'Utang Lain-lain'),
	('2131','0',0,'Utang Bank'),
	('2211','0',0,'Modal Usaha'),
	('2311','0',0,'Pendapatan'),
	('2321','0',0,'Pendapatan Bunga'),
	('2331','0',0,'Pendapatan Sewa'),
	('2411','0',0,'Biaya Listrik'),
	('2421','0',0,'Biaya Gaji Pegawai'),
	('2431','0',0,'Biaya Advertising'),
	('4,010','401',1,'Proyektor'),
	('45345','1111',1,'tesss11'),
	('9023','0',0,'Kas Awal'),
	('anak 119','119',1,'anak 119'),
	('Kas Awal','101',1,'9023');

/*!40000 ALTER TABLE `rekening` ENABLE KEYS */;
UNLOCK TABLES;


# Dump of table saldo_awal
# ------------------------------------------------------------

DROP TABLE IF EXISTS `saldo_awal`;

CREATE TABLE `saldo_awal` (
  `periode` year(4) NOT NULL,
  `no_rek` char(10) NOT NULL,
  `debet` int(11) NOT NULL DEFAULT '0',
  `kredit` int(11) NOT NULL DEFAULT '0',
  `tgl_insert` date NOT NULL,
  `username` varchar(50) NOT NULL,
  PRIMARY KEY (`periode`,`no_rek`)
) ENGINE=InnoDB DEFAULT CHARSET=latin1;

LOCK TABLES `saldo_awal` WRITE;
/*!40000 ALTER TABLE `saldo_awal` DISABLE KEYS */;

INSERT INTO `saldo_awal` (`periode`, `no_rek`, `debet`, `kredit`, `tgl_insert`, `username`)
VALUES
	('2012','1101',5000000,0,'2013-04-11','admin'),
	('2012','1102',8000000,0,'2013-04-11','admin'),
	('2012','1103',1200000,0,'2013-04-11','admin'),
	('2012','1104',600000,0,'2013-04-11','admin'),
	('2012','1201',35000000,0,'2013-04-11','admin'),
	('2012','2101',0,4400000,'2013-04-11','admin'),
	('2012','2102',0,0,'2013-04-11','admin'),
	('2012','3101',0,42500000,'2013-04-11','admin'),
	('2012','3102',2100000,0,'2013-04-11','admin'),
	('2012','4101',0,7100000,'2013-04-11','admin'),
	('2012','5101',1800000,0,'2013-04-11','admin'),
	('2012','5102',0,0,'2013-04-11','admin'),
	('2012','5103',300000,0,'2013-04-11','admin'),
	('2012','5104',0,0,'2013-04-11','admin'),
	('2014','0900',312,11,'2015-09-17','admin'),
	('2014','103',0,100000,'2015-11-27','admin'),
	('2014','1213',0,0,'2015-08-21','admin'),
	('2014','202',12000000,0,'2015-09-23','admin'),
	('2014','301',0,0,'2015-10-09','admin'),
	('2014','401',6000000,0,'2015-10-23','admin'),
	('2014','c001',1000,0,'2015-06-12','admin'),
	('2014','R1',900000,0,'2015-10-30','admin'),
	('2015','0001',10000000,4000000,'2016-05-24','admin'),
	('2015','0002',6000000,0,'2015-12-26','admin'),
	('2015','0022',5000,2000,'2015-07-25','admin'),
	('2015','007222222',5000000,2000000,'2016-05-25','admin'),
	('2015','010101',80000000,0,'2015-12-26','admin'),
	('2015','0200',0,0,'2015-09-17','admin'),
	('2015','0203',100000,10000000,'2015-09-13','admin'),
	('2015','0206',3000,2000,'2015-09-13','admin'),
	('2015','0212132131',0,0,'2016-01-21','admin'),
	('2015','0866',1000000,0,'2015-05-05','admin'),
	('2015','0876888277',0,0,'2015-05-11','admin'),
	('2015','100.100',0,0,'2016-12-05','admin'),
	('2015','1001',20000000,0,'2016-08-13','admin'),
	('2015','103',100000,0,'2015-10-24','admin'),
	('2015','1030005276',0,0,'2015-09-02','admin'),
	('2015','106',10000,0,'2015-10-30','admin'),
	('2015','110',123123,12312312,'2015-08-11','admin'),
	('2015','11001',10,0,'2016-03-27','admin'),
	('2015','1101',20000,0,'2015-02-23','admin'),
	('2015','111.00',0,10000000,'2015-05-17','admin'),
	('2015','1110111',100000,0,'2016-01-13','admin'),
	('2015','119',40000,80000,'2016-05-21','admin'),
	('2015','123',1000000,0,'2015-05-12','admin'),
	('2015','13455',0,0,'2015-10-30','admin'),
	('2015','1717',0,0,'2015-09-16','admin'),
	('2015','202',100000,0,'2015-11-27','admin'),
	('2015','212',500000000,0,'2015-06-27','admin'),
	('2015','301',0,2147483647,'2016-08-30','admin'),
	('2015','51010101',500000000,0,'2015-05-03','admin'),
	('2015','5101010101',500000000,0,'2015-05-03','admin'),
	('2015','6677',8000,6000,'2015-10-01','admin'),
	('2015','8923',4000,2000,'2015-10-01','admin'),
	('2015','8932',8000,4000,'2015-10-08','admin'),
	('2015','AK001',5000000,0,'2016-03-17','admin'),
	('2015','anak 119',212,0,'2016-09-21','admin'),
	('2015','Kas Awal',0,0,'2016-12-07','admin'),
	('2015','R1',0,10000,'2015-10-24','admin'),
	('2016','0003',123123,1231,'2016-01-14','admin'),
	('2016','01254242',10000000,0,'2016-12-21','admin'),
	('2016','081544658',200000,200000,'2016-03-22','admin'),
	('2016','100.112',0,0,'2017-03-24','admin'),
	('2016','100.113',888888,0,'2017-03-17','admin'),
	('2016','100.114',500000,500000,'2016-12-08','admin'),
	('2016','101',0,100000,'2016-10-20','admin'),
	('2016','103',1000000,0,'2016-01-11','admin'),
	('2016','107',2000000,2000000,'2016-02-10','admin'),
	('2016','11001',2000000,0,'2016-04-22','admin'),
	('2016','111',0,0,'2016-10-13','admin'),
	('2016','1110111',23423424,24242,'2016-06-18','admin'),
	('2016','112',100000,100000,'2016-08-24','admin'),
	('2016','119',0,200000,'2016-05-23','admin'),
	('2016','1234121',20000000,0,'2016-08-08','admin'),
	('2016','12345',1000000,0,'2016-11-28','admin'),
	('2016','123456',123,321,'2017-05-22','admin'),
	('2016','46',34534,345435,'2017-05-26','admin'),
	('2016','5001',0,0,'2016-04-26','admin'),
	('2016','783',0,90000000,'2016-04-21','admin'),
	('2016','899',90000000,0,'2016-04-21','admin'),
	('2016','AK001',300000,0,'2016-03-18','admin'),
	('2016','AK098',5000000,0,'2016-03-18','admin'),
	('2016','ASDADADADA',0,0,'2016-01-06','admin'),
	('2016','Kas Awal',5000000,10000,'2016-08-27','admin'),
	('2017','002',700000,40000,'2017-06-20','admin'),
	('2017','009',2000000,900000,'2017-06-12','admin'),
	('2017','100',435345,435435345,'2017-05-26','admin'),
	('2017','100.110',1000000,0,'2017-04-01','admin'),
	('2017','100.110.11',100000000,0,'2017-02-05','admin'),
	('2017','100.111',100000000,100000000,'2017-02-05','admin'),
	('2017','1001',11,11,'2017-04-26','admin'),
	('2017','1111',52350000,0,'2017-07-06','admin'),
	('2017','1131',10000000,0,'2017-07-06','admin'),
	('2017','1211',41300000,0,'2017-07-06','admin'),
	('2017','1221',96150000,0,'2017-07-06','admin'),
	('2017','1311',10000000,0,'2017-07-06','admin'),
	('2017','1411',1000000000,0,'2017-07-06','admin'),
	('2017','1421',0,0,'2017-07-06','admin'),
	('2017','1511',115000000,0,'2017-07-06','admin'),
	('2017','1512',0,0,'2017-07-06','admin'),
	('2017','1521',480000000,0,'2017-07-06','admin'),
	('2017','1522',0,0,'2017-07-06','admin'),
	('2017','2111',0,12050000,'2017-07-06','admin'),
	('2017','2121',0,25000568,'2017-07-06','admin'),
	('2017','2131',0,0,'2017-07-06','admin'),
	('2017','2211',0,1363000000,'2017-07-06','admin'),
	('2017','2311',0,457600000,'2017-07-06','admin'),
	('2017','2321',0,350000,'2017-07-06','admin'),
	('2017','2331',0,36000000,'2017-07-06','admin'),
	('2017','2411',20000000,0,'2017-07-06','admin'),
	('2017','2421',22000000,0,'2017-07-06','admin'),
	('2017','2431',4000000,0,'2017-07-06','admin'),
	('2017','4,010',569,1,'2017-04-26','admin'),
	('2017','6969',5000000,0,'2017-04-26','admin'),
	('2017','anak 119',20000000,0,'2017-03-23','admin'),
	('2017','jkkjkjk',10000000,0,'2017-02-07','admin'),
	('2017','Kas Awal',5000000,0,'2017-01-20','admin');

/*!40000 ALTER TABLE `saldo_awal` ENABLE KEYS */;
UNLOCK TABLES;


# Dump of table users
# ------------------------------------------------------------

DROP TABLE IF EXISTS `users`;

CREATE TABLE `users` (
  `username` varchar(50) COLLATE latin1_general_ci NOT NULL,
  `password` varchar(50) COLLATE latin1_general_ci NOT NULL,
  `nama_lengkap` varchar(100) COLLATE latin1_general_ci NOT NULL,
  `level` enum('super admin','admin','user') COLLATE latin1_general_ci NOT NULL DEFAULT 'user',
  `foto` varchar(50) COLLATE latin1_general_ci NOT NULL,
  PRIMARY KEY (`username`)
) ENGINE=MyISAM DEFAULT CHARSET=latin1 COLLATE=latin1_general_ci;

LOCK TABLES `users` WRITE;
/*!40000 ALTER TABLE `users` DISABLE KEYS */;

INSERT INTO `users` (`username`, `password`, `nama_lengkap`, `level`, `foto`)
VALUES
	('admin','21232f297a57a5a743894a0e4a801fc3','Administrator','super admin','252.jpg'),
	('deddy','e10adc3949ba59abbe56e057f20f883e','Deddy Rusdiansyah','admin',''),
	('danish','827ccb0eea8a706c4c34a16891f84e7b','Danish Putra Pramudya','user',''),
	('qie','ef9d9623af571782b3fe1ffb6da1381a','qie85','user',''),
	('asdf','912ec803b2ce49e4a541068d495ab570','asdfa','super admin',''),
	('aa','62edfe4c60e8942fd27804e05391d84e','sdafa','super admin',''),
	('adul','827ccb0eea8a706c4c34a16891f84e7b','Adul','super admin',''),
	('seddf','202cb962ac59075b964b07152d234b70','andry','user',''),
	('edlin','68a053ba16f5d2dbe60ce2311d9c7ffe','muhammad edlin perkasa alam','super admin',''),
	('rrr','44f437ced647ec3f40fa0841041871cd','rrr','user',''),
	('jimmy','c2fe677a63ffd5b7ffd8facbf327dad0','jimmy','super admin',''),
	('DorkRipper','5cd4c529a4b6665be368245a223e4493','DorkRipper','user',''),
	('Surabaya BlackHat','e10adc3949ba59abbe56e057f20f883e','Surabaya Blackhat','admin',''),
	('ra','4463c58f7367d3264816c2ac49824cfa','Reza Atrian','super admin',''),
	('ikram','a1a73c3a13c8e4dfe2058a572784816d','andre','super admin',''),
	('ime','3a0a6bcc60a17cbe35d5bab3e7c57b61','imes','super admin',''),
	('admin1','21232f297a57a5a743894a0e4a801fc3','admin','super admin',''),
	('masbahrun','e807f1fcf82d132f9bb018ca6738a19f','Bahrun','user',''),
	('mks110','566ecb0b5565e0899f99491fff1b265f','Marsa Tamvan Sekali Coeg','admin',''),
	('tio','202cb962ac59075b964b07152d234b70','dsdfsdfdsf','super admin',''),
	('werwe','c143757bb591547f4e89096212be233c','wwerrwe','admin',''),
	('donni','2360db76b3708b9c1b1c55620667c266','donni','super admin',''),
	('ipul','81dc9bdb52d04dc20036dbd8313ed055','syaiful anwar','admin',''),
	('akbar','11a88b836291d44a15c4b84f6910e4ad','akbarwinasis','user',''),
	('user','ee11cbb19052e40b07aac0ca060c23ee','user','user',''),
	('mimin','03f7f7198958ffbda01db956d15f134a','mimin','admin',''),
	('user1','24c9e15e52afc47c225b757e7bee1f9d','user1','user',''),
	('aselole','30eeeeac739d229a88493c0fc11cd1e2','aselole eaaaa','super admin',''),
	('oioi','4fe330506e905a77d07db90836a6a11e','oioi','user',''),
	('widya','81dc9bdb52d04dc20036dbd8313ed055','widyasari','admin',''),
	('asd','7815696ecbf1c96e6894b779456d330e','asd','super admin',''),
	('babi','5b307381861d9a4c51b0e881eef973d3','zeus','super admin',''),
	('asep','dc855efb0dc7476760afaa1b281665f1','asep','super admin',''),
	('ahmad','61243c7b9a4022cb3f8dc3106767ed12','ahmad opix','super admin',''),
	('ugun','48277ab2156b7397e942970143fb9ee6','gunawan','user',''),
	('test','098f6bcd4621d373cade4e832627b4f6','test','admin',''),
	('12345','827ccb0eea8a706c4c34a16891f84e7b','test','user',''),
	('aaaaaaaaa','e10adc3949ba59abbe56e057f20f883e','aaaaaaa','admin',''),
	('irenkz','ab17776289c3d6c0a66ea9105abe0db0','Irenkz','super admin',''),
	('aaa','8b8be2799a2796a36a02004608426bdb','aan','user',''),
	('tes','28b662d883b6d76fd96e4ddc5e9ba780','tes','admin',''),
	('adin','b848edae25876384476f8970b8491160','adynas','user',''),
	('xzc','5fa72358f0b4fb4f2c5d7de8c9a41846','zxc','user',''),
	('testing','ae2b1fca515949e5d54fb22b8ed95575','testing','super admin',''),
	('qwerty','d8578edf8458ce06fbc5bb76a58c5ca4','qwerty','user',''),
	('userid','ea8f538c94b6e352418254ed6474a81f','userid','user','');

/*!40000 ALTER TABLE `users` ENABLE KEYS */;
UNLOCK TABLES;



/*!40111 SET SQL_NOTES=@OLD_SQL_NOTES */;
/*!40101 SET SQL_MODE=@OLD_SQL_MODE */;
/*!40014 SET FOREIGN_KEY_CHECKS=@OLD_FOREIGN_KEY_CHECKS */;
/*!40101 SET CHARACTER_SET_CLIENT=@OLD_CHARACTER_SET_CLIENT */;
/*!40101 SET CHARACTER_SET_RESULTS=@OLD_CHARACTER_SET_RESULTS */;
/*!40101 SET COLLATION_CONNECTION=@OLD_COLLATION_CONNECTION */;
